<?xml version="1.0" encoding="UTF-8"?>
<project-private xmlns="http://www.netbeans.org/ns/project-private/1">
    <editor-bookmarks xmlns="http://www.netbeans.org/ns/editor-bookmarks/2" lastBookmarkId="0"/>
    <open-files xmlns="http://www.netbeans.org/ns/projectui-open-files/2">
        <group>
            <file>file:/Users/alexyeoh/Desktop/CS1180_labs/Yeoh_project5/src/yeoh_project5/Yeoh_project5.java</file>
            <file>file:/Users/alexyeoh/Desktop/CS1180_labs/Yeoh_project5/src/yeoh_project5/CharacterFramework.java</file>
        </group>
    </open-files>
</project-private>
